"сходить","Антонов Милан Якубович","reading","2023-06-08"
"что","Селиван Артурович Сидоров","free"
"кидать","Турова Екатерина Егоровна","reading","2023-04-21"
"хозяйка","Фадеев Семен Гаврилович","reading","2023-05-12"
"возмутиться","Терентьева Регина Богдановна","reading","2023-01-23"
"армейский","Муравьев Демьян Антонович","reading","2023-04-30"
"подземный","Радислав Вячеславович Мишин","reading","2023-02-07"
"изменение","Абрамова Екатерина Петровна","reading","2023-01-21"
"задержать","Юлия Матвеевна Брагина","reading","2023-02-27"
"тута","Савин Филимон Харлампович","reading","2023-05-07"
